Date,SP500,Dividend,Earnings,Consumer Price Index,Long Interest Rate,Real Price,Real Dividend,Real Earnings,PE10
1975-01-01,72.56,3.62,8.74,52.1,7.5,334.88,16.72,40.35,8.92
1975-02-01,80.1,3.65,8.6,52.5,7.39,366.86,16.7,39.37,9.76
1975-03-01,83.78,3.67,8.45,52.7,7.73,382.26,16.74,38.55,10.16
1975-04-01,84.72,3.68,8.29,52.9,8.23,385.09,16.74,37.67,10.23
1975-05-01,90.1,3.7,8.12,53.2,8.06,407.23,16.71,36.72,10.82
1975-06-01,92.4,3.71,7.96,53.6,7.86,414.51,16.64,35.71,11.01
1975-07-01,92.49,3.71,7.89,54.2,8.06,410.32,16.46,35.02,10.9
1975-08-01,85.71,3.71,7.83,54.3,8.4,379.54,16.43,34.66,10.09
1975-09-01,84.67,3.71,7.76,54.6,8.43,372.88,16.34,34.17,9.92
1975-10-01,88.57,3.7,7.83,54.9,8.14,387.92,16.21,34.28,10.33
1975-11-01,90.07,3.69,7.89,55.3,8.05,391.64,16.04,34.32,10.44
1975-12-01,88.7,3.68,7.96,55.5,8,384.29,15.94,34.49,10.25
1976-01-01,96.86,3.68,8.19,55.6,7.74,418.89,15.93,35.43,11.19
1976-02-01,100.6,3.69,8.43,55.8,7.79,433.5,15.89,36.31,11.59
1976-03-01,101.1,3.69,8.66,55.9,7.73,434.88,15.87,37.25,11.63
1976-04-01,101.9,3.71,8.86,56.1,7.56,436.76,15.92,37.96,11.69
1976-05-01,101.2,3.74,9.05,56.5,7.9,430.68,15.9,38.53,11.53
1976-06-01,101.8,3.76,9.25,56.8,7.86,430.95,15.92,39.16,11.54
1976-07-01,104.2,3.79,9.35,57.1,7.83,438.79,15.96,39.37,11.76
1976-08-01,103.3,3.82,9.45,57.4,7.77,432.73,16,39.59,11.6
1976-09-01,105.5,3.85,9.55,57.6,7.59,440.41,16.07,39.87,11.81
1976-10-01,101.9,3.92,9.67,57.9,7.41,423.18,16.27,40.16,11.35
1976-11-01,101.2,3.98,9.79,58,7.29,419.55,16.51,40.59,11.25
1976-12-01,104.7,4.05,9.91,58.2,6.87,432.56,16.73,40.94,11.6
1977-01-01,103.8,4.1,9.97,58.5,7.21,426.65,16.84,40.97,11.44
1977-02-01,101,4.14,10.02,59.1,7.39,410.92,16.86,40.78,11.01
1977-03-01,100.6,4.19,10.08,59.5,7.46,406.54,16.93,40.74,10.9
1977-04-01,99.05,4.25,10.19,60,7.37,396.95,17.02,40.85,10.64
1977-05-01,98.76,4.3,10.31,60.3,7.46,393.81,17.16,41.1,10.55
1977-06-01,99.29,4.36,10.42,60.7,7.28,393.32,17.27,41.28,10.53
1977-07-01,100.2,4.41,10.52,61,7.33,394.97,17.37,41.46,10.57
1977-08-01,97.75,4.45,10.61,61.2,7.4,384.05,17.5,41.7,10.27
1977-09-01,96.23,4.5,10.71,61.4,7.34,376.85,17.62,41.94,10.07
1977-10-01,93.74,4.56,10.77,61.6,7.52,365.91,17.79,42.04,9.77
1977-11-01,94.28,4.61,10.83,61.9,7.58,366.23,17.92,42.07,9.77
1977-12-01,93.82,4.67,10.89,62.1,7.69,363.27,18.08,42.17,9.68
1978-01-01,90.25,4.71,10.9,62.5,7.96,347.21,18.13,41.93,9.24
1978-02-01,88.98,4.76,10.91,62.9,8.03,340.15,18.18,41.71,9.05
1978-03-01,88.82,4.8,10.92,63.4,8.04,336.86,18.2,41.42,8.95
1978-04-01,92.71,4.84,11.02,63.9,8.15,348.86,18.2,41.48,9.26
1978-05-01,97.41,4.87,11.13,64.5,8.35,363.14,18.17,41.48,9.63
1978-06-01,97.66,4.91,11.23,65.2,8.46,360.16,18.11,41.42,9.55
1978-07-01,97.19,4.95,11.34,65.7,8.64,355.7,18.1,41.51,9.43
1978-08-01,103.9,4.98,11.46,66,8.41,378.53,18.16,41.74,10.02
1978-09-01,103.9,5.02,11.57,66.5,8.42,375.68,18.15,41.83,9.94
1978-10-01,100.6,5.04,11.82,67.1,8.64,360.5,18.05,42.37,9.53
1978-11-01,94.71,5.05,12.08,67.4,8.81,337.88,18.03,43.08,8.93
1978-12-01,96.11,5.07,12.33,67.7,9.01,341.36,18.01,43.79,9.01
1979-01-01,99.71,5.11,12.65,68.3,9.1,351.03,18,44.55,9.26
1979-02-01,98.23,5.16,12.98,69.1,9.1,341.82,17.94,45.16,9
1979-03-01,100.1,5.2,13.3,69.8,9.12,344.83,17.91,45.82,9.07
1979-04-01,102.1,5.25,13.53,70.6,9.18,347.74,17.87,46.07,9.13
1979-05-01,99.73,5.29,13.75,71.5,9.25,335.39,17.8,46.25,8.79
1979-06-01,101.7,5.34,13.98,72.3,8.91,338.23,17.76,46.49,8.85
1979-07-01,102.7,5.4,14.2,73.1,8.95,337.82,17.75,46.7,8.83
1979-08-01,107.4,5.45,14.41,73.8,9.03,349.93,17.77,46.96,9.13
1979-09-01,108.6,5.51,14.63,74.6,9.33,350.04,17.76,47.16,9.11
1979-10-01,104.5,5.56,14.71,75.2,10.3,334.14,17.77,47.02,8.68
1979-11-01,103.7,5.6,14.78,75.9,10.65,328.52,17.75,46.83,8.52
1979-12-01,107.8,5.65,14.86,76.7,10.39,337.95,17.71,46.59,8.75
1980-01-01,110.9,5.7,15,77.8,10.8,342.75,17.62,46.37,8.85
1980-02-01,115.3,5.75,15.15,78.9,12.41,351.38,17.52,46.16,9.05
1980-03-01,104.7,5.8,15.29,80.1,12.75,314.3,17.41,45.9,8.08
1980-04-01,103,5.85,15.17,81,11.47,305.76,17.36,45.04,7.84
1980-05-01,107.7,5.89,15.06,81.8,10.18,316.58,17.32,44.26,8.1
1980-06-01,114.6,5.94,14.94,82.7,9.78,333.2,17.27,43.44,8.51
1980-07-01,119.8,5.98,14.84,82.7,10.25,348.32,17.4,43.15,8.88
1980-08-01,123.5,6.03,14.74,83.3,11.1,356.49,17.4,42.55,9.07
1980-09-01,126.5,6.07,14.64,84,11.51,362.11,17.38,41.91,9.2
1980-10-01,130.2,6.1,14.7,84.8,11.75,369.18,17.3,41.68,9.36
1980-11-01,135.7,6.13,14.76,85.5,12.68,381.63,17.24,41.51,9.65
1980-12-01,133.5,6.16,14.82,86.3,12.84,371.96,17.16,41.29,9.39
1981-01-01,133,6.2,14.74,87,12.57,367.59,17.14,40.74,9.26
1981-02-01,128.4,6.24,14.66,87.9,13.19,351.24,17.07,40.1,8.83
1981-03-01,133.2,6.28,14.58,88.5,13.12,361.9,17.06,39.61,9.08
1981-04-01,134.4,6.32,14.72,89.1,13.68,362.7,17.05,39.73,9.09
1981-05-01,131.7,6.35,14.87,89.8,14.1,352.64,17.01,39.81,8.82
1981-06-01,132.3,6.39,15.01,90.6,13.47,351.12,16.96,39.84,8.77
1981-07-01,129.1,6.43,15.1,91.6,14.28,338.89,16.89,39.63,8.45
1981-08-01,129.6,6.48,15.18,92.3,14.94,337.62,16.87,39.55,8.4
1981-09-01,118.3,6.52,15.27,93.2,15.32,305.21,16.82,39.4,7.58
1981-10-01,119.8,6.56,15.3,93.4,15.15,308.42,16.88,39.39,7.65
1981-11-01,122.9,6.59,15.33,93.7,13.39,315.38,16.92,39.34,7.81
1981-12-01,123.8,6.63,15.36,94,13.72,316.68,16.96,39.29,7.83
1982-01-01,117.3,6.66,15.18,94.3,14.59,299.1,16.98,38.7,7.39
1982-02-01,114.5,6.69,14.99,94.6,14.43,291.03,17,38.11,7.18
1982-03-01,110.8,6.72,14.81,94.5,13.86,281.93,17.1,37.68,6.95
1982-04-01,116.3,6.75,14.6,94.9,13.87,294.67,17.1,36.98,7.26
1982-05-01,116.4,6.78,14.38,95.8,13.62,292.16,17.02,36.1,7.19
1982-06-01,109.7,6.81,14.17,97,14.3,271.93,16.88,35.13,6.69
1982-07-01,109.4,6.82,13.97,97.5,13.95,269.8,16.83,34.44,6.64
1982-08-01,109.7,6.84,13.76,97.7,13.06,269.98,16.83,33.87,6.64
1982-09-01,122.4,6.85,13.56,97.9,12.34,300.63,16.82,33.3,7.4
1982-10-01,132.7,6.86,13.25,98.2,10.91,324.93,16.79,32.45,8
1982-11-01,138.1,6.86,12.95,98,10.55,338.84,16.84,31.77,8.35
1982-12-01,139.4,6.87,12.64,97.6,10.54,343.43,16.93,31.14,8.47
1983-01-01,144.3,6.88,12.57,97.8,10.46,354.78,16.92,30.9,8.76
1983-02-01,146.8,6.9,12.49,97.9,10.72,360.55,16.94,30.68,8.91
1983-03-01,151.9,6.91,12.42,97.9,10.51,373.08,16.97,30.5,9.23
1983-04-01,157.7,6.92,12.48,98.6,10.4,384.58,16.88,30.43,9.53
1983-05-01,164.1,6.93,12.53,99.2,10.38,397.76,16.8,30.38,9.87
1983-06-01,166.4,6.94,12.59,99.5,10.85,402.12,16.77,30.42,10
1983-07-01,167,6.96,12.83,99.9,11.38,401.96,16.75,30.87,10.01
1983-08-01,162.4,6.98,13.06,100.2,11.85,389.71,16.75,31.35,9.73
1983-09-01,167.2,7,13.3,100.7,11.65,399.24,16.71,31.76,9.98
1983-10-01,167.7,7.03,13.54,101,11.54,399.24,16.74,32.24,10
1983-11-01,165.2,7.06,13.79,101.2,11.69,392.52,16.77,32.76,9.85
1983-12-01,164.4,7.09,14.03,101.3,11.83,390.23,16.83,33.3,9.82
1984-01-01,166.4,7.12,14.44,101.9,11.67,392.65,16.8,34.07,9.89
1984-02-01,157.3,7.15,14.85,102.4,11.84,369.37,16.79,34.87,9.32
1984-03-01,157.4,7.18,15.26,102.6,12.32,368.88,16.83,35.76,9.33
1984-04-01,157.6,7.22,15.57,103.1,12.63,367.56,16.85,36.32,9.31
1984-05-01,156.6,7.27,15.89,103.4,13.41,364.17,16.9,36.94,9.23
1984-06-01,153.1,7.31,16.2,103.7,13.56,355,16.95,37.56,9.01
1984-07-01,151.1,7.33,16.32,104.1,13.36,349.01,16.94,37.7,8.87
1984-08-01,164.4,7.36,16.44,104.5,12.72,378.28,16.93,37.83,9.62
1984-09-01,166.1,7.38,16.56,105,12.52,380.37,16.9,37.92,9.69
1984-10-01,164.8,7.43,16.59,105.3,12.16,376.32,16.97,37.88,9.6
1984-11-01,166.3,7.48,16.61,105.3,11.57,379.74,17.08,37.94,9.69
1984-12-01,164.5,7.53,16.64,105.3,11.5,375.63,17.19,38,9.6
1985-01-01,171.6,7.57,16.56,105.5,11.38,391.1,17.26,37.74,10
1985-02-01,180.9,7.62,16.47,106,11.51,410.36,17.28,37.37,10.49
1985-03-01,179.4,7.66,16.39,106.4,11.86,405.42,17.31,37.04,10.37
1985-04-01,180.6,7.69,16.13,106.9,11.43,406.23,17.29,36.28,10.4
1985-05-01,184.9,7.71,15.87,107.3,10.85,414.35,17.29,35.56,10.61
1985-06-01,188.9,7.74,15.61,107.6,10.16,422.13,17.3,34.88,10.81
1985-07-01,192.5,7.77,15.48,107.8,10.31,429.38,17.34,34.54,11
1985-08-01,188.3,7.81,15.36,108,10.33,419.23,17.38,34.19,10.74
1985-09-01,184.1,7.84,15.23,108.3,10.37,408.75,17.41,33.81,10.47
1985-10-01,186.2,7.86,15.02,108.7,10.24,411.89,17.39,33.23,10.55
1985-11-01,197.5,7.88,14.82,109,9.78,435.68,17.38,32.69,11.16
1985-12-01,207.3,7.9,14.61,109.3,9.26,456.04,17.38,32.14,11.69
1986-01-01,208.2,7.94,14.58,109.6,9.19,456.77,17.42,31.99,11.72
1986-02-01,219.4,7.98,14.55,109.3,8.7,482.66,17.56,32.01,12.39
1986-03-01,232.3,8.02,14.52,108.8,7.78,513.39,17.72,32.09,13.19
1986-04-01,238,8.05,14.58,108.6,7.3,526.96,17.82,32.29,13.55
1986-05-01,238.5,8.07,14.65,108.9,7.71,526.61,17.83,32.34,13.56
1986-06-01,245.3,8.1,14.71,109.5,7.8,538.66,17.79,32.3,13.89
1986-07-01,240.2,8.14,14.76,109.5,7.3,527.46,17.88,32.4,13.62
1986-08-01,245,8.19,14.8,109.7,7.17,537.02,17.94,32.45,13.89
1986-09-01,238.3,8.23,14.85,110.2,7.45,519.96,17.96,32.4,13.47
1986-10-01,237.4,8.25,14.73,110.3,7.43,517.53,17.98,32.1,13.43
1986-11-01,245.1,8.26,14.6,110.4,7.25,533.83,18,31.81,13.87
1986-12-01,248.6,8.28,14.48,110.5,7.11,540.96,18.02,31.51,14.09
1987-01-01,264.5,8.3,14.69,111.2,7.08,571.94,17.95,31.76,14.92
1987-02-01,280.9,8.32,14.89,111.6,7.25,605.22,17.93,32.09,15.82
1987-03-01,292.5,8.34,15.1,112.1,7.25,627.4,17.89,32.39,16.43
1987-04-01,289.3,8.4,14.87,112.7,8.02,617.24,17.92,31.73,16.2
1987-05-01,289.1,8.46,14.65,113.1,8.61,614.63,17.99,31.14,16.16
1987-06-01,301.4,8.52,14.42,113.5,8.4,638.52,18.05,30.55,16.83
1987-07-01,310.1,8.57,14.9,113.8,8.45,655.22,18.1,31.48,17.31
1987-08-01,329.4,8.61,15.38,114.4,8.76,692.35,18.1,32.33,18.33
1987-09-01,318.7,8.66,15.86,115,9.42,666.36,18.11,33.16,17.68
1987-10-01,280.2,8.71,16.41,115.3,9.52,584.34,18.16,34.22,15.53
1987-11-01,245,8.76,16.95,115.4,8.86,510.49,18.25,35.32,13.59
1987-12-01,241,8.81,17.5,115.4,8.99,502.16,18.36,36.46,13.39
1988-01-01,250.5,8.86,17.86,115.7,8.67,520.6,18.41,37.12,13.9
1988-02-01,258.1,8.9,18.23,116,8.21,535,18.46,37.78,14.3
1988-03-01,265.7,8.95,18.59,116.5,8.37,548.39,18.47,38.37,14.67
1988-04-01,262.6,9.04,19.62,117.1,8.72,539.22,18.57,40.28,14.43
1988-05-01,256.1,9.14,20.64,117.5,9.09,524.08,18.7,42.24,14.03
1988-06-01,270.7,9.23,21.67,118,8.92,551.61,18.81,44.16,14.77
1988-07-01,269.1,9.31,22.02,118.5,9.06,546.04,18.88,44.69,14.61
1988-08-01,263.7,9.38,22.38,119,9.26,532.83,18.96,45.21,14.24
1988-09-01,268,9.46,22.73,119.8,8.98,537.9,18.99,45.62,14.37
1988-10-01,277.4,9.55,23.07,120.2,8.8,554.92,19.1,46.16,14.81
1988-11-01,271,9.64,23.42,120.3,8.96,541.67,19.27,46.8,14.45
1988-12-01,276.5,9.75,23.75,120.5,9.11,551.74,19.46,47.39,14.7
1989-01-01,285.4,9.81,24.16,121.1,9.09,566.68,19.48,47.97,15.09
1989-02-01,294,9.9,24.56,121.6,9.17,581.35,19.57,48.56,15.47
1989-03-01,292.7,10.01,24.96,122.3,9.36,575.47,19.68,49.07,15.3
1989-04-01,302.3,10.09,25.05,123.1,9.18,590.48,19.7,48.92,15.69
1989-05-01,313.9,10.19,25.13,123.8,8.86,609.67,19.8,48.82,16.19
1989-06-01,323.7,10.37,25.22,124.1,8.28,627.19,20.09,48.87,16.64
1989-07-01,331.9,10.42,24.71,124.4,8.02,641.53,20.15,47.76,17.01
1989-08-01,346.6,10.55,24.2,124.6,8.11,668.86,20.35,46.7,17.73
1989-09-01,347.3,10.73,23.69,125,8.19,668.07,20.64,45.57,17.71
1989-10-01,347.4,10.8,23.43,125.6,8.01,665.07,20.67,44.85,17.64
1989-11-01,340.2,10.92,23.16,125.9,7.87,649.73,20.86,44.24,17.24
1989-12-01,348.6,11.06,22.87,126.1,7.84,664.72,21.09,43.61,17.65
1990-01-01,339.97,11.14,22.49,127.4,8.21,641.65,21.03,42.45,17.05
1990-02-01,330.45,11.23,22.08,128,8.47,620.76,21.1,41.48,16.51
1990-03-01,338.46,11.32,21.67,128.7,8.59,632.35,21.15,40.49,16.83
1990-04-01,338.18,11.44,21.53,128.9,8.79,630.84,21.33,40.17,16.81
1990-05-01,350.25,11.55,21.4,129.2,8.76,651.84,21.5,39.82,17.39
1990-06-01,360.39,11.66,21.26,129.9,8.48,667.1,21.58,39.35,17.82
1990-07-01,360.03,11.73,21.42,130.4,8.47,663.88,21.62,39.5,17.75
1990-08-01,330.75,11.78,21.58,131.6,8.75,604.33,21.53,39.43,16.17
1990-09-01,315.41,11.83,21.74,132.7,8.89,571.52,21.44,39.39,15.3
1990-10-01,307.12,11.93,21.61,133.5,8.72,553.16,21.48,38.92,14.82
1990-11-01,315.29,12.01,21.47,133.8,8.39,566.61,21.59,38.59,15.19
1990-12-01,328.75,12.09,21.34,133.8,8.08,590.8,21.73,38.35,15.85
1991-01-01,325.49,12.11,21.18,134.6,8.09,581.46,21.63,37.84,15.61
1991-02-01,362.26,12.11,21.03,134.8,7.85,646.19,21.61,37.51,17.35
1991-03-01,372.28,12.11,20.94,135,8.11,663.08,21.57,37.3,17.82
1991-04-01,379.68,12.13,20.36,135.2,8.04,675.26,21.57,36.22,18.16
1991-05-01,377.99,12.14,19.86,135.6,8.07,670.27,21.53,35.21,18.04
1991-06-01,378.29,12.15,19.41,136,8.28,668.83,21.48,34.32,18.02
1991-07-01,380.23,12.19,18.84,136.2,8.27,671.27,21.53,33.26,18.1
1991-08-01,389.4,12.24,18.33,136.6,7.9,685.45,21.54,32.27,18.51
1991-09-01,387.2,12.28,17.82,137.2,7.65,678.59,21.52,31.23,18.36
1991-10-01,386.88,12.25,17.2,137.4,7.53,677.04,21.44,30.11,18.35
1991-11-01,385.92,12.23,16.59,137.8,7.42,673.4,21.33,28.94,18.29
1991-12-01,388.51,12.2,15.97,137.9,7.09,677.43,21.27,27.85,18.44
1992-01-01,416.08,12.24,16.05,138.1,7.03,724.45,21.31,27.94,19.77
1992-02-01,412.56,12.28,16.12,138.6,7.34,715.73,21.3,27.97,19.58
1992-03-01,407.36,12.32,16.19,139.3,7.54,703.16,21.27,27.95,19.28
1992-04-01,407.41,12.32,16.48,139.5,7.48,702.24,21.24,28.41,19.3
1992-05-01,414.81,12.32,16.77,139.7,7.39,713.97,21.21,28.86,19.66
1992-06-01,408.27,12.32,17.05,140.2,7.26,700.21,21.13,29.24,19.32
1992-07-01,415.05,12.34,17.38,140.5,6.84,710.32,21.12,29.74,19.62
1992-08-01,417.93,12.37,17.71,140.9,6.59,713.21,21.1,30.22,19.72
1992-09-01,418.48,12.4,18.04,141.3,6.42,712.13,21.1,30.7,19.71
1992-10-01,412.5,12.39,18.39,141.8,6.59,699.48,21,31.18,19.37
1992-11-01,422.84,12.38,18.74,142,6.87,716,20.97,31.73,19.83
1992-12-01,435.64,12.39,19.09,141.9,6.77,738.2,21,32.35,20.45
1993-01-01,435.23,12.41,19.34,142.6,6.6,733.88,20.93,32.61,20.32
1993-02-01,441.7,12.45,19.59,143.1,6.26,742.19,20.91,32.92,20.55
1993-03-01,450.16,12.48,19.84,143.6,5.98,753.77,20.9,33.22,20.86
1993-04-01,443.08,12.49,19.67,144,5.97,739.86,20.86,32.85,20.46
1993-05-01,445.25,12.51,19.5,144.2,6.04,742.45,20.85,32.52,20.52
1993-06-01,448.06,12.52,19.33,144.4,5.96,746.1,20.85,32.19,20.61
1993-07-01,447.29,12.52,19.69,144.4,5.81,744.82,20.85,32.79,20.56
1993-08-01,454.13,12.52,20.05,144.8,5.68,754.12,20.79,33.29,20.81
1993-09-01,459.24,12.52,20.41,145.1,5.36,761.03,20.75,33.82,20.99
1993-10-01,463.9,12.54,20.9,145.7,5.33,765.58,20.7,34.49,21.11
1993-11-01,462.89,12.56,21.39,145.8,5.72,763.39,20.71,35.28,21.04
1993-12-01,465.95,12.58,21.89,145.8,5.77,768.44,20.75,36.1,21.16
1994-01-01,472.99,12.62,22.16,146.2,5.75,777.91,20.76,36.44,21.41
1994-02-01,471.58,12.67,22.43,146.7,5.97,772.95,20.76,36.77,21.26
1994-03-01,463.81,12.71,22.71,147.2,6.48,757.63,20.76,37.1,20.83
1994-04-01,447.23,12.75,23.54,147.4,6.97,729.56,20.8,38.4,20.06
1994-05-01,450.9,12.8,24.37,147.5,7.18,735.05,20.86,39.73,20.2
1994-06-01,454.83,12.84,25.2,148,7.1,738.95,20.86,40.94,20.29
1994-07-01,451.4,12.87,25.91,148.4,7.3,731.4,20.85,41.98,20.07
1994-08-01,464.24,12.9,26.62,149,7.24,749.18,20.82,42.96,20.54
1994-09-01,466.96,12.92,27.33,149.4,7.46,751.55,20.79,43.99,20.58
1994-10-01,463.81,13.01,28.42,149.5,7.74,745.98,20.93,45.71,20.4
1994-11-01,461.01,13.1,29.51,149.7,7.96,740.48,21.04,47.4,20.21
1994-12-01,455.19,13.17,30.6,149.7,7.81,731.14,21.15,49.15,19.91
1995-01-01,465.25,13.18,31.25,150.3,7.78,744.31,21.09,49.99,20.22
1995-02-01,481.92,13.18,31.9,150.9,7.47,767.92,21,50.83,20.8
1995-03-01,493.15,13.17,32.55,151.4,7.2,783.21,20.92,51.7,21.15
1995-04-01,507.91,13.24,33.18,151.9,7.06,804,20.96,52.52,21.64
1995-05-01,523.81,13.31,33.8,152.2,6.63,827.54,21.02,53.4,22.2
1995-06-01,539.35,13.36,34.43,152.5,6.17,850.41,21.07,54.29,22.72
1995-07-01,557.37,13.44,34.68,152.5,6.28,878.82,21.19,54.68,23.38
1995-08-01,559.11,13.51,34.93,152.9,6.49,879.26,21.25,54.93,23.28
1995-09-01,578.77,13.58,35.18,153.2,6.2,908.4,21.31,55.22,23.95
1995-10-01,582.92,13.65,34.77,153.7,6.04,911.93,21.35,54.4,23.93
1995-11-01,595.53,13.72,34.37,153.6,5.93,932.27,21.48,53.8,24.35
1995-12-01,614.57,13.79,33.96,153.5,5.71,962.7,21.6,53.2,25.03
1996-01-01,614.42,13.89,33.99,154.4,5.65,956.85,21.64,52.93,24.76
1996-02-01,649.54,14,34.01,154.9,5.81,1008.28,21.73,52.8,25.98
1996-03-01,647.07,14.1,34.04,155.7,6.27,999.29,21.77,52.57,25.63
1996-04-01,647.17,14.16,34.33,156.3,6.51,995.6,21.78,52.81,25.42
1996-05-01,661.23,14.21,34.62,156.6,6.74,1015.29,21.82,53.16,25.81
1996-06-01,668.5,14.27,34.91,156.7,6.91,1025.79,21.9,53.57,25.97
1996-07-01,644.07,14.4,35.27,157,6.87,986.42,22.05,54.02,24.86
1996-08-01,662.68,14.53,35.64,157.3,6.64,1012.98,22.21,54.47,25.41
1996-09-01,674.88,14.66,36,157.8,6.83,1028.36,22.34,54.86,25.68
1996-10-01,701.46,14.74,36.91,158.3,6.53,1065.49,22.39,56.06,26.48
1996-11-01,735.67,14.82,37.82,158.6,6.2,1115.34,22.47,57.34,27.59
1996-12-01,743.25,14.9,38.73,158.6,6.3,1126.83,22.59,58.72,27.72
1997-01-01,766.22,14.95,39.23,159.1,6.58,1158.01,22.6,59.29,28.33
1997-02-01,798.39,15.01,39.74,159.6,6.42,1202.85,22.61,59.87,29.27
1997-03-01,792.16,15.06,40.24,160,6.69,1190.48,22.63,60.47,28.8
1997-04-01,763.93,15.09,40.34,160.2,6.89,1146.62,22.65,60.55,27.59
1997-05-01,833.09,15.13,40.45,160.1,6.71,1251.2,22.72,60.75,29.93
1997-06-01,876.29,15.16,40.55,160.3,6.49,1314.44,22.74,60.83,31.26
1997-07-01,925.29,15.22,40.58,160.5,6.22,1386.21,22.8,60.79,32.77
1997-08-01,927.24,15.27,40.61,160.8,6.3,1386.54,22.84,60.73,32.59
1997-09-01,937.02,15.33,40.64,161.2,6.21,1397.69,22.87,60.62,32.67
1997-10-01,951.16,15.39,40.33,161.6,6.03,1415.27,22.89,60.01,32.9
1997-11-01,938.92,15.44,40.03,161.5,5.88,1397.92,22.99,59.59,32.34
1997-12-01,962.37,15.5,39.72,161.3,5.81,1434.61,23.11,59.21,33.03
1998-01-01,963.36,15.55,39.66,161.6,5.54,1433.42,23.14,59.01,32.86
1998-02-01,1023.74,15.6,39.6,161.9,5.57,1520.44,23.17,58.81,34.71
1998-03-01,1076.83,15.64,39.54,162.2,5.65,1596.33,23.19,58.62,36.3
1998-04-01,1112.2,15.75,39.35,162.5,5.64,1645.72,23.31,58.23,37.28
1998-05-01,1108.42,15.85,39.16,162.8,5.65,1637.11,23.41,57.84,36.96
1998-06-01,1108.39,15.95,38.97,163,5.5,1635.06,23.53,57.49,36.8
1998-07-01,1156.58,16.02,38.68,163.2,5.46,1704.05,23.6,56.98,38.26
1998-08-01,1074.62,16.08,38.38,163.4,5.34,1581.36,23.67,56.48,35.42
1998-09-01,1020.64,16.14,38.09,163.6,4.81,1500.09,23.72,55.98,33.53
1998-10-01,1032.47,16.17,37.96,164,4.53,1513.77,23.7,55.66,33.77
1998-11-01,1144.43,16.18,37.84,164,4.83,1677.93,23.73,55.47,37.37
1998-12-01,1190.05,16.2,37.71,163.9,4.65,1745.88,23.77,55.32,38.82
1999-01-01,1248.77,16.28,37.93,164.3,4.72,1827.56,23.83,55.52,40.58
1999-02-01,1246.58,16.37,38.16,164.5,5,1822.14,23.92,55.77,40.4
1999-03-01,1281.66,16.45,38.38,165,5.23,1867.74,23.97,55.93,41.36
1999-04-01,1334.76,16.45,39.26,166.2,5.18,1931.08,23.8,56.8,42.7
1999-05-01,1332.07,16.45,40.14,166.2,5.54,1927.19,23.8,58.07,42.56
1999-06-01,1322.55,16.45,41.02,166.2,5.9,1913.41,23.8,59.35,42.18
1999-07-01,1380.99,16.51,42,166.7,5.79,1991.97,23.82,60.58,43.83
1999-08-01,1327.49,16.58,42.98,167.1,5.94,1910.22,23.85,61.85,41.93
1999-09-01,1318.17,16.64,43.96,167.9,5.92,1887.77,23.83,62.96,41.32
1999-10-01,1300.01,16.66,45.36,168.2,6.11,1858.44,23.81,64.85,40.55
1999-11-01,1391,16.67,46.77,168.3,6.03,1987.33,23.82,66.82,43.21
1999-12-01,1428.68,16.69,48.17,168.3,6.28,2041.17,23.85,68.82,44.2
2000-01-01,1425.59,16.71,49.1,168.8,6.66,2030.72,23.81,69.94,43.77
2000-02-01,1388.87,16.74,50.02,169.8,6.52,1966.76,23.7,70.84,42.19
2000-03-01,1442.21,16.76,50.95,171.2,6.26,2025.59,23.54,71.56,43.22
2000-04-01,1461.36,16.74,51.27,171.3,5.99,2051.29,23.5,71.97,43.53
2000-05-01,1418.48,16.72,51.6,171.5,6.44,1988.78,23.44,72.34,41.97
2000-06-01,1461.96,16.7,51.92,172.4,6.1,2039.04,23.29,72.41,42.78
2000-07-01,1473,16.58,52.51,172.8,6.05,2049.68,23.08,73.07,42.76
2000-08-01,1485.46,16.47,53.11,172.8,5.83,2067.02,22.91,73.9,42.87
2000-09-01,1468.05,16.35,53.7,173.7,5.8,2032.21,22.63,74.34,41.9
2000-10-01,1390.14,16.32,52.47,174,5.74,1921.04,22.56,72.5,39.37
2000-11-01,1378.04,16.3,51.23,174.1,5.72,1903.23,22.51,70.76,38.78
2000-12-01,1330.93,16.27,50,174,5.24,1839.22,22.48,69.1,37.27
2001-01-01,1335.63,16.17,48.48,175.1,5.16,1834.12,22.21,66.57,36.98
2001-02-01,1305.75,16.07,46.96,175.8,5.1,1785.95,21.98,64.23,35.83
2001-03-01,1185.85,15.97,45.44,176.2,4.89,1618.27,21.79,62.01,32.33
2001-04-01,1189.84,15.88,42.56,176.9,5.14,1617.29,21.58,57.85,32.17
2001-05-01,1270.37,15.78,39.67,177.7,5.39,1718.98,21.36,53.68,34.07
2001-06-01,1238.71,15.69,36.79,178,5.28,1673.31,21.19,49.7,33.07
2001-07-01,1204.45,15.71,33.96,177.5,5.24,1631.62,21.28,46.01,32.16
2001-08-01,1178.5,15.72,31.14,177.5,4.97,1596.46,21.3,42.18,31.4
2001-09-01,1044.64,15.74,28.31,178.3,4.73,1408.78,21.23,38.18,27.67
2001-10-01,1076.59,15.74,27.1,177.7,4.57,1456.77,21.3,36.67,28.58
2001-11-01,1129.68,15.74,25.9,177.4,4.65,1531.19,21.33,35.1,30.01
2001-12-01,1144.93,15.74,24.69,176.7,5.09,1558.01,21.42,33.6,30.5
2002-01-01,1140.21,15.74,24.69,177.1,5.04,1548.08,21.37,33.53,30.28
2002-02-01,1100.67,15.73,24.7,177.8,4.91,1488.51,21.28,33.4,29.09
2002-03-01,1153.79,15.73,24.7,178.8,5.28,1551.62,21.15,33.22,30.29
2002-04-01,1111.93,15.83,25.38,179.8,5.21,1487.01,21.17,33.94,29.01
2002-05-01,1079.25,15.94,26.06,179.8,5.16,1443.31,21.31,34.85,28.13
2002-06-01,1014.02,16.04,26.74,179.9,4.93,1355.32,21.44,35.74,26.39
2002-07-01,903.59,15.96,27.84,180.1,4.65,1206.38,21.31,37.17,23.46
2002-08-01,912.55,15.88,28.94,180.7,4.26,1214.3,21.13,38.51,23.59
2002-09-01,867.81,15.8,30.04,181,3.87,1152.85,20.99,39.91,22.37
2002-10-01,854.63,15.89,29.22,181.3,3.94,1133.46,21.07,38.76,21.96
2002-11-01,909.93,15.98,28.41,181.3,4.05,1206.81,21.19,37.67,23.35
2002-12-01,899.18,16.07,27.59,180.9,4.03,1195.19,21.36,36.67,23.1
2003-01-01,895.84,16.12,28.5,181.7,4.05,1185.5,21.33,37.72,22.9
2003-02-01,837.03,16.17,29.41,183.1,3.9,1099.21,21.23,38.62,21.21
2003-03-01,846.63,16.22,30.32,184.2,3.81,1105.18,21.17,39.58,21.31
2003-04-01,890.03,16.2,31.73,183.8,3.96,1164.36,21.2,41.51,22.43
2003-05-01,935.96,16.19,33.14,183.5,3.57,1226.45,21.21,43.43,23.59
2003-06-01,988,16.17,34.55,183.7,3.33,1293.23,21.17,45.22,24.83
2003-07-01,992.54,16.31,35.89,183.9,3.98,1297.76,21.33,46.93,24.87
2003-08-01,989.53,16.45,37.24,184.6,4.45,1288.92,21.43,48.5,24.64
2003-09-01,1019.44,16.59,38.58,185.2,4.27,1323.57,21.54,50.09,25.24
2003-10-01,1038.73,16.86,41.97,185,4.29,1350.08,21.91,54.55,25.68
2003-11-01,1049.9,17.12,45.35,184.5,4.3,1368.29,22.32,59.11,25.95
2003-12-01,1080.64,17.39,48.74,184.3,4.27,1409.88,22.69,63.59,26.64
2004-01-01,1132.52,17.6,49.83,185.2,4.15,1470.39,22.85,64.69,27.66
2004-02-01,1143.36,17.81,50.91,186.2,4.08,1476.49,23,65.75,27.65
2004-03-01,1123.98,18.02,52,187.4,3.83,1442.17,23.12,66.72,26.89
2004-04-01,1133.36,18.21,53.38,188,4.35,1449.56,23.29,68.28,26.9
2004-05-01,1102.78,18.41,54.77,189.1,4.72,1402.25,23.41,69.64,25.9
2004-06-01,1132.76,18.6,56.15,189.7,4.73,1435.81,23.58,71.17,26.4
2004-07-01,1105.85,18.79,56.69,189.4,4.5,1403.92,23.85,71.97,25.7
2004-08-01,1088.94,18.97,57.23,189.5,4.28,1381.73,24.07,72.62,25.17
2004-09-01,1117.66,19.16,57.77,189.9,4.13,1415.18,24.26,73.15,25.67
2004-10-01,1117.21,19.25,58.03,190.9,4.1,1407.2,24.25,73.09,25.41
2004-11-01,1168.94,19.35,58.29,191,4.19,1471.59,24.36,73.38,26.47
2004-12-01,1199.21,19.44,58.55,190.3,4.23,1515.25,24.56,73.98,27.14
2005-01-01,1181.41,19.7,59.11,190.7,4.22,1489.63,24.84,74.53,26.59
2005-02-01,1199.63,19.97,59.66,191.8,4.17,1503.93,25.03,74.8,26.74
2005-03-01,1194.9,20.23,60.22,193.3,4.5,1486.37,25.16,74.91,26.34
2005-04-01,1164.43,20.46,61.23,194.6,4.34,1438.79,25.28,75.66,25.41
2005-05-01,1178.28,20.7,62.25,194.4,4.14,1457.4,25.6,76.99,25.65
2005-06-01,1202.25,20.93,63.26,194.5,4,1486.29,25.87,78.21,26.07
2005-07-01,1222.24,21.11,64.33,195.4,4.18,1504.04,25.98,79.16,26.29
2005-08-01,1224.27,21.29,65.4,196.4,4.26,1498.87,26.07,80.07,26.1
2005-09-01,1225.92,21.47,66.47,198.8,4.2,1482.77,25.97,80.4,25.73
2005-10-01,1191.96,21.72,67.59,199.2,4.46,1438.8,26.22,81.59,24.88
2005-11-01,1237.37,21.97,68.71,197.6,4.54,1505.71,26.73,83.61,25.93
2005-12-01,1262.07,22.22,69.83,196.8,4.47,1542.01,27.15,85.32,26.44
2006-01-01,1278.73,22.41,70.78,198.3,4.42,1550.54,27.17,85.82,26.47
2006-02-01,1276.65,22.59,71.72,198.7,4.57,1544.9,27.34,86.79,26.25
2006-03-01,1293.74,22.78,72.67,199.8,4.72,1556.97,27.41,87.46,26.33
2006-04-01,1302.17,23,73.28,201.5,4.99,1553.89,27.45,87.44,26.15
2006-05-01,1290.01,23.22,73.88,202.5,5.11,1531.78,27.57,87.73,25.65
2006-06-01,1253.17,23.44,74.49,202.9,5.11,1485.1,27.78,88.28,24.75
2006-07-01,1260.24,23.66,75.85,203.5,5.09,1489.07,27.96,89.62,24.7
2006-08-01,1287.15,23.88,77.21,203.9,4.88,1517.89,28.16,91.05,25.05
2006-09-01,1317.74,24.1,78.57,202.9,4.72,1561.62,28.56,93.11,25.64
2006-10-01,1363.38,24.36,79.55,201.8,4.73,1624.51,29.03,94.79,26.54
2006-11-01,1388.64,24.62,80.53,201.5,4.6,1657.07,29.38,96.1,26.93
2006-12-01,1416.42,24.88,81.51,201.8,4.56,1687.71,29.65,97.12,27.28
2007-01-01,1424.16,25.08,82.06,202.42,4.76,1691.77,29.8,97.48,27.21
2007-02-01,1444.8,25.29,82.6,203.5,4.72,1707.15,29.88,97.6,27.32
2007-03-01,1406.95,25.49,83.15,205.35,4.56,1647.43,29.85,97.36,26.23
2007-04-01,1463.64,25.72,83.74,206.69,4.69,1702.75,29.92,97.42,26.98
2007-05-01,1511.14,25.94,84.33,207.95,4.75,1747.33,30,97.51,27.55
2007-06-01,1514.19,26.17,84.92,208.35,5.1,1747.47,30.2,98,27.42
2007-07-01,1520.71,26.44,82.81,208.3,5,1755.44,30.52,95.6,27.41
2007-08-01,1454.62,26.71,80.71,207.92,4.67,1682.24,30.89,93.34,26.15
2007-09-01,1497.12,26.98,78.6,208.49,4.52,1726.63,31.12,90.65,26.73
2007-10-01,1539.66,27.23,74.46,208.94,4.53,1771.9,31.34,85.69,27.32
2007-11-01,1463.39,27.48,70.32,210.18,4.15,1674.18,31.44,80.45,25.73
2007-12-01,1479.22,27.73,66.18,210.04,4.1,1693.43,31.75,75.76,25.96
2008-01-01,1378.76,27.92,64.25,211.08,3.74,1570.61,31.81,73.19,24.02
2008-02-01,1354.87,28.11,62.32,211.69,3.74,1538.93,31.93,70.79,23.5
2008-03-01,1316.94,28.3,60.39,213.53,3.51,1482.99,31.87,68,22.61
2008-04-01,1370.47,28.44,57.38,214.82,3.68,1533.97,31.83,64.23,23.36
2008-05-01,1403.22,28.57,54.38,216.63,3.88,1557.51,31.72,60.36,23.7
2008-06-01,1341.25,28.71,51.37,218.81,4.1,1473.87,31.55,56.45,22.42
2008-07-01,1257.33,28.76,49.56,219.96,4.01,1374.44,31.44,54.18,20.91
2008-08-01,1281.47,28.8,47.76,219.09,3.89,1406.44,31.61,52.41,21.4
2008-09-01,1216.95,28.85,45.95,218.78,3.69,1337.48,31.71,50.5,20.36
2008-10-01,968.8,28.7,35.59,216.57,3.81,1075.62,31.86,39.52,16.39
2008-11-01,883.04,28.54,25.24,212.43,3.53,999.54,32.31,28.57,15.26
2008-12-01,877.56,28.39,14.88,210.23,2.42,1003.72,32.47,17.02,15.38
2009-01-01,865.58,28.01,12.21,211.14,2.52,985.73,31.9,13.9,15.17
2009-02-01,805.23,27.64,9.53,212.19,2.87,912.47,31.32,10.8,14.12
2009-03-01,757.13,27.26,6.86,212.71,2.82,855.88,30.82,7.75,13.32
2009-04-01,848.15,26.7,7.08,213.24,2.93,956.38,30.11,7.98,14.98
2009-05-01,902.41,26.15,7.29,213.86,3.29,1014.64,29.4,8.2,16
2009-06-01,926.12,25.59,7.51,215.69,3.72,1032.43,28.53,8.37,16.38
2009-07-01,935.82,25.03,9.19,215.35,3.56,1044.9,27.94,10.26,16.69
2009-08-01,1009.73,24.46,10.86,215.83,3.59,1124.9,27.25,12.1,18.09
2009-09-01,1044.55,23.9,12.54,215.97,3.4,1162.96,26.61,13.96,18.83
2009-10-01,1067.66,23.4,25.35,216.18,3.39,1187.55,26.03,28.2,19.36
2009-11-01,1088.07,22.91,38.16,216.33,3.4,1209.39,25.46,42.41,19.81
2009-12-01,1110.38,22.41,50.97,215.95,3.59,1236.37,24.95,56.75,20.32
2010-01-01,1123.58,22.24,54.29,216.69,3.73,1246.81,24.68,60.24,20.53
2010-02-01,1089.16,22.07,57.61,216.74,3.69,1208.31,24.48,63.91,19.92
2010-03-01,1152.05,21.9,60.93,217.63,3.73,1272.85,24.2,67.32,21
2010-04-01,1197.32,21.95,62.99,218.01,3.85,1320.58,24.21,69.47,21.8
2010-05-01,1125.06,21.99,65.04,218.18,3.42,1239.92,24.24,71.68,20.48
2010-06-01,1083.36,22.04,67.1,217.97,3.2,1195.13,24.31,74.02,19.74
2010-07-01,1079.8,22.14,68.69,218.01,3.01,1190.95,24.42,75.76,19.67
2010-08-01,1087.28,22.25,70.27,218.31,2.7,1197.54,24.5,77.4,19.77
2010-09-01,1122.08,22.35,71.86,218.44,2.65,1235.15,24.6,79.1,20.38
2010-10-01,1171.58,22.48,73.69,218.71,2.54,1288.04,24.71,81.01,21.24
2010-11-01,1198.89,22.6,75.52,218.8,2.76,1317.51,24.84,82.99,21.7
2010-12-01,1241.53,22.73,77.35,219.18,3.29,1362.03,24.94,84.86,22.4
2011-01-01,1282.62,22.96,78.67,220.22,3.39,1400.43,25.07,85.9,22.98
2011-02-01,1321.12,23.2,79.99,221.31,3.58,1435.39,25.2,86.91,23.49
2011-03-01,1304.49,23.43,81.31,223.47,3.41,1403.64,25.21,87.49,22.9
2011-04-01,1331.51,23.73,82.16,224.91,3.46,1423.54,25.37,87.84,23.14
2011-05-01,1338.31,24.04,83.02,225.96,3.17,1424.11,25.58,88.34,23.06
2011-06-01,1287.29,24.34,83.87,225.72,3,1371.29,25.93,89.34,22.1
2011-07-01,1325.19,24.62,84.91,225.92,3,1410.42,26.2,90.37,22.61
2011-08-01,1185.31,24.9,85.94,226.54,2.3,1258.07,26.43,91.22,20.05
2011-09-01,1173.88,25.18,86.98,226.89,1.98,1244.05,26.69,92.18,19.7
2011-10-01,1207.22,25.6,86.97,226.42,2.15,1282.03,27.18,92.36,20.16
2011-11-01,1226.42,26.01,86.96,226.23,2.01,1303.52,27.65,92.43,20.35
2011-12-01,1243.32,26.43,86.95,225.67,1.98,1324.75,28.16,92.64,20.52
2012-01-01,1300.58,26.74,87.48,226.66,1.97,1379.69,28.36,92.8,21.21
2012-02-01,1352.49,27.04,88.01,227.66,1.97,1428.46,28.56,92.95,21.8
2012-03-01,1389.24,27.35,88.54,229.39,2.17,1456.22,28.67,92.81,22.05
2012-04-01,1386.43,27.67,88.33,230.09,2.05,1448.9,28.92,92.31,21.78
2012-05-01,1341.27,28,88.13,229.81,1.8,1403.35,29.29,92.21,20.94
2012-06-01,1323.48,28.32,87.92,229.48,1.62,1386.77,29.67,92.12,20.55
2012-07-01,1359.78,28.74,87.45,229.1,1.53,1427.13,30.17,91.78,21
2012-08-01,1403.45,29.17,86.97,230.38,1.68,1464.81,30.44,90.78,21.41
2012-09-01,1443.42,29.59,86.5,231.41,1.72,1499.84,30.75,89.88,21.78
2012-10-01,1437.82,30.14,86.5,231.32,1.75,1494.6,31.33,89.92,21.58
2012-11-01,1394.51,30.7,86.51,230.22,1.65,1456.48,32.06,90.35,20.9
2012-12-01,1422.29,31.25,86.51,229.6,1.72,1489.5,32.73,90.6,21.24
2013-01-01,1480.4,31.54,86.91,230.28,1.91,1545.79,32.93,90.75,21.9
2013-02-01,1512.31,31.82,87.3,232.17,1.98,1566.28,32.96,90.42,22.05
2013-03-01,1550.83,32.11,87.7,232.77,1.96,1601.99,33.17,90.59,22.42
2013-04-01,1570.7,32.5,88.78,232.53,1.76,1624.2,33.6,91.81,22.6
2013-05-01,1639.84,32.88,89.87,232.94,1.93,1692.68,33.94,92.76,23.41
2013-06-01,1618.77,33.27,90.95,233.5,2.3,1666.93,34.26,93.66,22.93
2013-07-01,1668.68,33.65,92.09,233.6,2.58,1717.65,34.63,94.79,23.49
2013-08-01,1670.09,34.02,93.23,233.88,2.74,1717.04,34.98,95.85,23.36
2013-09-01,1687.17,34.4,94.37,234.15,2.81,1732.58,35.33,96.91,23.44
2013-10-01,1720.03,34.6,96.31,233.55,2.62,1770.89,35.62,99.16,23.83
2013-11-01,1783.54,34.79,98.26,233.07,2.72,1840.03,35.9,101.37,24.64
2013-12-01,1807.78,34.99,100.2,233.05,2.9,1865.2,36.1,103.38,24.86
2014-01-01,1822.36,35.4,100.42,233.92,2.86,1873.28,36.39,103.22,24.86
2014-02-01,1817.04,35.82,100.63,234.78,2.71,1860.93,36.68,103.06,24.59
2014-03-01,1863.52,36.23,100.85,236.29,2.72,1896.32,36.87,102.62,24.96
2014-04-01,1864.26,36.61,101.61,237.07,2.71,1890.84,37.14,103.06,24.79
2014-05-01,1889.77,37,102.36,237.9,2.56,1910.04,37.39,103.46,24.94
2014-06-01,1947.09,37.38,103.12,238.34,2.6,1964.31,37.71,104.03,25.56
2014-07-01,1973.1,37.75,104.07,238.25,2.54,1991.33,38.1,105.03,25.82
2014-08-01,1961.53,38.12,105.01,237.85,2.42,1982.97,38.54,106.16,25.62
2014-09-01,1993.23,38.49,105.96,238.03,2.53,2013.5,38.88,107.04,25.92
2014-10-01,1937.27,38.81,104.74,237.43,2.3,1961.9,39.3,106.07,25.16
2014-11-01,2044.57,39.12,103.53,236.15,2.33,2081.8,39.84,105.41,26.61
2014-12-01,2054.27,39.44,102.31,234.81,2.21,2103.61,40.39,104.77,26.79
2015-01-01,2028.18,39.9,101.29,233.71,1.88,2086.71,41.05,104.21,26.49
2015-02-01,2082.2,40.35,100.27,234.72,1.98,2133.03,41.34,102.72,27
2015-03-01,2079.99,40.81,99.25,236.12,2.04,2118.16,41.56,101.07,26.73
2015-04-01,2094.86,41.12,97.8,236.6,1.94,2128.97,41.79,99.4,26.79
2015-05-01,2111.94,41.43,96.36,237.81,2.2,2135.44,41.89,97.43,26.81
2015-06-01,2099.29,41.74,94.91,238.64,2.36,2115.24,42.06,95.63,26.5
2015-07-01,2094.14,42,93.49,238.65,2.32,2109.91,42.31,94.2,26.38
2015-08-01,2039.87,42.25,92.08,238.32,2.17,2058.15,42.63,92.9,25.69
2015-09-01,1944.41,42.51,90.66,237.94,2.17,1964.89,42.96,91.62,24.5
2015-10-01,2024.81,42.8,89.28,237.84,2.07,2047.06,43.27,90.26,25.49
2015-11-01,2080.62,43.1,87.91,237.34,2.26,2107.93,43.66,89.06,26.23
2015-12-01,2054.08,43.39,86.53,236.53,2.24,2088.18,44.11,87.97,25.97
2016-01-01,1918.6,43.55,86.5,236.92,2.09,1947.23,44.2,87.79,24.21
2016-02-01,1904.42,43.72,86.47,237.11,1.78,1931.25,44.33,87.69,24
2016-03-01,2021.95,43.88,86.44,238.13,1.89,2041.64,44.31,87.28,25.37
2016-04-01,2075.54,44.07,,239.26,1.81,2085.87,44.29,,25.92
2016-05-01,2065.55,44.27,,240.24,1.81,2067.4,44.31,,25.71
2016-06-01,2083.89,44.46,,241.04,1.64,2078.82,44.35,,25.87
2016-07-01,2148.9,,,240.65,1.5,2147.15,,,26.75
2016-08-01,2187.02,,,240.45,1.57,2187.02,,,27.27
